Title (–ù–∞–∑–≤–∞–Ω–∏–µ –≤–∏–¥–µ–æ),Channel (–ù–∞–∑–≤–∞–Ω–∏–µ –∫–∞–Ω–∞–ª–∞),Views (–ö–æ–ª–∏—á–µ—Å—Ç–≤–æ –ø—Ä–æ—Å–º–æ—Ç—Ä–æ–≤),Likes (–ö–æ–ª–∏—á–µ—Å—Ç–≤–æ –ª–∞–π–∫–æ–≤),Comments (–ö–æ–ª–∏—á–µ—Å—Ç–≤–æ –∫–æ–º–º–µ–Ω—Ç–∞—Ä–∏–µ–≤)
–°–µ–∫—Ä–µ—Ç—ã –ø–∞—Ä—Å–∏–Ω–≥–∞ –Ω–∞ Python | –ö–∞–∫ –∑–∞—Ä–∞–±–∞—Ç—ã–≤–∞—Ç—å –±–æ–ª—å—à–µ –Ω–∞ —Ñ—Ä–∏–ª–∞–Ω—Å–µ | –ü–∞—Ä—Å–∏–Ω–≥ —Å–∞–π—Ç–æ–≤,PythonToday,99711,5633,265
–£—á–∏–º –ø–∞—Ä—Å–∏–Ω–≥ –Ω–∞ python –∏ bs4 –ö—É—Ä—Å –ø–æ –ø–∞—Ä—Å–∏–Ω–≥—É –≤–µ–± —Å–∞–π—Ç–æ–≤ –Ω–∞ python —Å –Ω—É–ª—è –ø—Ä–æ—Ñ–µ—Å—Å–∏—è backend –∞–Ω–∞–ª–∏—Ç–∏–∫,Python Hub Studio,245206,9331,651
–ü–∞—Ä—Å–∏–Ω–≥ –≤ Python –∑–∞ 10 –º–∏–Ω—É—Ç!,–•–∞—É–¥–∏ –•–æ‚Ñ¢ - –ü—Ä–æ—Å—Ç–æ –æ –º–∏—Ä–µ IT!,397285,15569,769
–û–±—É—á–µ–Ω–∏–µ –ø–∞—Ä—Å–∏–Ω–≥—É –Ω–∞ Python #1 | –ü–∞—Ä—Å–∏–Ω–≥ —Å–∞–π—Ç–æ–≤ | –†–∞–∑–±–∏—Ä–∞–µ–º –º–µ—Ç–æ–¥—ã –±–∏–±–ª–∏–æ—Ç–µ–∫–∏ Beautifulsoup,PythonToday,548388,15610,824
"–û–±—É—á–µ–Ω–∏–µ –ø–∞—Ä—Å–∏–Ω–≥—É –Ω–∞ Python, –ø–∞—Ä—Å–∏–Ω–≥ –ª—é–±—ã—Ö —Å–∞–π—Ç–æ–≤, –≤ —Ç–æ–º —á–∏—Å–ª–µ SPA",blacktrub channel,75736,3381,153
"–ü–∞—Ä—Å–∏–Ω–≥ –ø—Ä–æ—Å—Ç—ã—Ö —Å–∞–π—Ç–æ–≤ –Ω–∞ Python: BeautifulSoup, requests",The ParseHub,15223,810,102
–ü–∞—Ä—Å–∏–Ω–≥ –Ω–∞ Python | –ó–∞—Ä–∞–±–∞—Ç—ã–≤–∞–µ–º –Ω–∞ —Ñ—Ä–∏–ª–∞–Ω—Å–µ | –¢–µ–ª–µ–≥—Ä–∞–º –±–æ—Ç –Ω–∞ aiogram | –ü–∞—Ä—Å–∏–Ω–≥ –¥–∏–Ω–∞–º–∏—á–µ—Å–∫–æ–≥–æ —Å–∞–π—Ç–∞,PythonToday,159548,8504,391
"–ü—Ä–æ—Å—Ç–æ–π –ø–∞—Ä—Å–∏–Ω–≥ —Å–∞–π—Ç–æ–≤ –Ω–∞ Python | requests, BeautifulSoup, csv",–ê–Ω–¥—Ä–µ–π –ê–Ω–¥—Ä–∏–µ–≤—Å–∫–∏–π,135708,4499,385
–ö–∞–∫ —Å–ø–∞—Ä—Å–∏—Ç—å —Ç–æ–≤–∞—Ä—ã —Å –ª—é–±–æ–≥–æ —Å–∞–π—Ç–∞ –∏ –≤—ã–≥—Ä—É–∑–∏—Ç—å –≤ —ç–∫—Å–µ–ª—å | –ü–∞—Ä—Å–µ—Ä –Ω–∞ python | BeautifulSoup4,–ê—Ä—Ç—ë–º –ò–ø–∞—Ç–æ–≤ –ø—Ä–æ IT,22063,976,47
"–ü–∞—Ä—Å–∏–Ω–≥ –Ω–∞ Python, Selenium –∏ BS4 | –í—ã–ø–æ–ª–Ω—è–µ–º –∑–∞–∫–∞–∑ –Ω–∞ —Ñ—Ä–∏–ª–∞–Ω—Å–µ | –ü–∞—Ä—Å–∏–Ω–≥ –¥–∏–Ω–∞–º–∏—á–µ—Å–∫–æ–≥–æ —Å–∞–π—Ç–∞",PythonToday,123972,5311,384
"–¢—É—Ç–æ—Ä–∏–∞–ª #3. –ü–∞—Ä—Å–∏–Ω–≥ —Å–∞–π—Ç–æ–≤ –Ω–∞ Python|Requests, BeautifulSoup, CSV",ZOREYAN[IT],363,17,3
–ü–∞—Ä—Å–∏–Ω–≥ —Å–∞–π—Ç–æ–≤ –Ω–∞ Python. –í—ã–ø–æ–ª–Ω—è–µ–º –∑–∞–∫–∞–∑ –Ω–∞ —Ñ—Ä–∏–ª–∞–Ω—Å–µ.,PythonToday,118301,4501,243
–ü–∞—Ä—Å–∏–Ω–≥ —Å–∞–π—Ç–æ–≤ –Ω–∞ Python: –ü—Ä–∏–µ–º—ã —Ä–∞–±–æ—Ç—ã —Å –±–∏–±–ª–∏–æ—Ç–µ–∫–æ–π BeautifulSoup,Oleg Molchanov,63246,1596,130
–ü–ê–†–°–ï–† AVITO –Ω–∞ PYTHON | BeautifulSoup4 | Requests,–ú–µ–ª—Å–∏–∫,37653,978,184
–ü–∞—Ä—Å–∏–Ω–≥ —Å–∞–π—Ç–æ–≤ –Ω–∞ Python | –û–±—Ö–æ–¥–∏–º –æ–±–Ω–∞—Ä—É–∂–µ–Ω–∏–µ –ø–∞—Ä—Å–µ—Ä–∞ —Å Selenium Stealth,ZProger [ IT ],51813,2555,139
"–ü–∞—Ä—Å–∏–Ω–≥ —Å–∞–π—Ç–æ–≤ PYTHON - #4 –°–ö–ê–ß–ò–í–ê–ù–ò–Ø –§–ê–ô–õ–û–í, –ü–ê–†–°–ò–ù–ì –î–ê–ù–ù–´–•",ZProger [ IT ],40123,904,108
–ü–∞—Ä—Å–∏–Ω–≥ —Å–∞–π—Ç–æ–≤ PYTHON - #1 REQUESTS –ó–ê–ü–†–û–°–´ (GET/POST),ZProger [ IT ],120109,2460,84
–°–∫—Ä–µ–π–ø–∏–Ω–≥ —Å–∞–π—Ç–æ–≤ —Å –ø–æ–º–æ—â—å—é –±–∏–±–ª–∏–æ—Ç–µ–∫ Beautifulsoup –∏ Requests –Ω–∞ Python,–ú–∞—Å—Ç–µ—Ä—Å–∫–∞—è –í–∞–∂–Ω—ã—Ö –∏—Å—Ç–æ—Ä–∏–π,80157,2589,217
–ó–∞—Ä–∞–±–∞—Ç—ã–≤–∞–µ–º –Ω–∞ OZON | –ü–∞—Ä—Å–∏–Ω–≥ —Ç–æ–≤–∞—Ä–æ–≤ —Å –ø–æ–º–æ—â—å—é Python,PythonToday,41294,1959,194
–û–±—É—á–µ–Ω–∏–µ –ø–∞—Ä—Å–∏–Ω–≥—É –Ω–∞ Python #2 | –ü–∞—Ä—Å–∏–Ω–≥ —Å–∞–π—Ç–æ–≤ | –í—ã–ø–æ–ª–Ω—è–µ–º –∑–∞–∫–∞–∑ –Ω–∞ —Ñ—Ä–∏–ª–∞–Ω—Å–µ,PythonToday,233024,6400,751
–ê—Å–∏–Ω—Ö—Ä–æ–Ω–Ω—ã–π –ø–∞—Ä—Å–∏–Ω–≥ —Å–∞–π—Ç–æ–≤ –Ω–∞ Python,Uproger,2720,78,10
–£–º–µ–Ω–∏–µ –ø–∞—Ä—Å–∏—Ç—å –Ω–∞ Python ‚Äî –∏–∑–º–µ–Ω–∏—Ç —Ç–≤–æ—é –∂–∏–∑–Ω—å,–ß—ë—Ä–Ω—ã–π –¢—Ä–µ—É–≥–æ–ª—å–Ω–∏–∫,146696,8630,318
–ü–∞—Ä—Å–∏–Ω–≥ —Å–∞–π—Ç–æ–≤ PYTHON,–î–∞–≤–∞–π—Ç–µ –ø—Ä–æ–≥—Ä–∞–º–º–∏—Ä–æ–≤–∞—Ç—å!,12130,626,56
–í—Å–µ–≥–¥–∞ –ø—Ä–æ–≤–µ—Ä—è–π—Ç–µ –Ω–∞–ª–∏—á–∏–µ —Å–∫—Ä—ã—Ç–æ–≥–æ API –ø—Ä–∏ –ø–∞—Ä—Å–∏–Ω–≥–µ —Å–∞–π—Ç–æ–≤,ZProger [ IT ],51851,2697,159
"–û–±—É—á–µ–Ω–∏–µ –ø–∞—Ä—Å–∏–Ω–≥—É –Ω–∞ Python | –ü–∞—Ä—Å–∏–Ω–≥ –±–µ–∑ –æ–±–Ω–∞—Ä—É–∂–µ–Ω–∏—è | –ü–∞—Ä—Å–∏–Ω–≥ CloudFlare | Selenium, CloudFlare",PythonToday,88262,4401,280
100 000—Ä –Ω–∞ –ø–∞—Ä—Å–∏–Ω–≥–µ | –ü–∞—Ä—Å–∏–Ω–≥ —Å–∞–π—Ç–∞ –Ω–∞ Python | –§—Ä–∏–ª–∞–Ω—Å –∂–∏–≤,PythonToday,20813,1125,134
"‚Ññ388 - –ü–ê–†–°–ò–ù–ì —Å–∞–π—Ç–æ–≤, 40+ —Å–æ–≤–µ—Ç–æ–≤ –¥–ª—è –ó–ê–†–ê–ë–û–¢–ö–ê –Ω–∞ –ø–∞—Ä—Å–∏–Ω–≥–µ –≤ –†–æ—Å—Å–∏–∏. –î–µ–ª–∏–º—Å—è –æ–ø—ã—Ç–æ–º.",–†–£–°–°–ö–ò–ô –ò–¢-–ë–ò–ó–ù–ï–°,35841,1978,211
"–¢—É—Ç–æ—Ä–∏–∞–ª #1. –ü–∞—Ä—Å–∏–Ω–≥ —Å–∞–π—Ç–æ–≤ –Ω–∞ Python|Requests, BeautifulSoup",ZOREYAN[IT],194,8,0
"–û–±—É—á–µ–Ω–∏–µ –ø–∞—Ä—Å–∏–Ω–≥—É –Ω–∞ Python | –ü–∞—Ä—Å–∏–Ω–≥ CloudFlare | –§—Ä–∏–ª–∞–Ω—Å, Selenium, CloudFlare",PythonToday,47349,2887,229
–ü–∏—à–µ–º –ø—Ä–æ—Å—Ç–æ–π –ø–∞—Ä—Å–µ—Ä —Å–∞–π—Ç–æ–≤ –Ω–∞ python (–ø–∏—Ç–æ–Ω),"–ü—Ä–æ–≥—Ä–∞–º–º–∏—Ä–æ–≤–∞–Ω–∏–µ l –°–æ–∑–¥–∞–Ω–∏–µ –∏–≥—Ä, —Å–∞–π—Ç–æ–≤ –∏ —Ç.–¥.",3622,95,12
–ü–∞—Ä—Å–∏–Ω–≥ —Å–∞–π—Ç–æ–≤ –Ω–∞ Python Beautifulsoup. –ò–Ω—Ç–µ–Ω—Å–∏–≤ –ø–æ –ø—Ä–æ–≥—Ä–∞–º–º–∏—Ä–æ–≤–∞–Ω–∏—é –ø–∞—Ä—Å–µ—Ä–∞ –¥–∞–Ω–Ω—ã—Ö –Ω–∞ Python,Skillbox –ü—Ä–æ–≥—Ä–∞–º–º–∏—Ä–æ–≤–∞–Ω–∏–µ,2593,65,0
–ü–∞—Ä—Å–∏–Ω–≥ —Å–∞–π—Ç–æ–≤ –Ω–∞ Python: –±–µ—Å–ø–ª–∞—Ç–Ω—ã–µ –ø—Ä–æ–∫—Å–∏.,–ê–≤—Ç–æ–º–∞—Ç–∏–∑–∞—Ü–∏—è,1469,35,8
–ü–∞—Ä—Å–∏–Ω–≥ —Å–∞–π—Ç–æ–≤ Python: –ø—Ä–æ—Ñ–µ—Å—Å–∏—è –∏ –æ—Å–Ω–æ–≤—ã. –ò–Ω—Ç–µ–Ω—Å–∏–≤ –ø–æ –ø—Ä–æ–≥—Ä–∞–º–º–∏—Ä–æ–≤–∞–Ω–∏—é –Ω–∞ Python,Skillbox –ü—Ä–æ–≥—Ä–∞–º–º–∏—Ä–æ–≤–∞–Ω–∏–µ,3163,71,0
–ü–∞—Ä—Å–∏–Ω–≥ —Å–∞–π—Ç–æ–≤ –Ω–∞ python bs4,RomanGaf#3,619,11,1
–ü–∞—Ä—Å–∏–Ω–≥ —Å–∞–π—Ç–æ–≤ –Ω–∞ Python ‚Äî –ß–ê–°–¢–¨ 2 ‚Äî Selenium,–ß—ë—Ä–Ω—ã–π –¢—Ä–µ—É–≥–æ–ª—å–Ω–∏–∫,32636,1994,135
ü§ó –ü–∞—Ä—Å–∏–º –û–∑–æ–Ω.–†—É. –ú–∏–Ω–∏ –ø—Ä–æ–µ–∫—Ç. –ú–∏–Ω–∏ –∫—É—Ä—Å. –°–æ—Ö—Ä–∞–Ω—è–µ–º –≤ Excel,PythonGuru,13632,620,48
–ü–∞—Ä—Å–∏–Ω–≥ —Å–∞–π—Ç–æ–≤ –Ω–∞ Python. –°–∫–∞—á–∏–≤–∞–µ–º –∏–∑–æ–±—Ä–∞–∂–µ–Ω–∏–µ. Requests,–í–∏–∫—Ç–æ—Ä –ö—É–∑–Ω–µ—Ü–æ–≤,996,14,4
–ü–∞—Ä—Å–∏–Ω–≥ –¥–∏–Ω–∞–º–∏—á–µ—Å–∫–∏—Ö —Å–∞–π—Ç–æ–≤ | selenium python,–ê–ª–µ–∫—Å–µ–π –ö—É–ª–∏—á–µ–≤—Å–∫–∏–π,13166,616,58
"–û–±—É—á–µ–Ω–∏–µ –ø–∞—Ä—Å–∏–Ω–≥—É –Ω–∞ Python #7 | –ü–∞—Ä—Å–∏–Ω–≥ —Å–∞–π—Ç–æ–≤ –Ω–∞ —Ñ—Ä–∏–ª–∞–Ω—Å–µ | Requests, Beautifulsoup",PythonToday,40067,1520,155
–ü–∞—Ä—Å–∏–Ω–≥ —Å–∞–π—Ç–æ–≤ –Ω–∞ Python - –ú–∞–∫—Å–∏–º –ö—É–∑–Ω–µ—Ü–æ–≤ // PASV,Viktor Bogutskii,248,14,3
"–¢—É—Ç–æ—Ä–∏–∞–ª #2. –ü–∞—Ä—Å–∏–Ω–≥ —Å–∞–π—Ç–æ–≤ –Ω–∞ Python| BeautifulSoup, Requests",ZOREYAN[IT],120,5,0
–ß—Ç–æ —Ç–∞–∫–æ–µ –ø–∞—Ä—Å–∏–Ω–≥ –¥–∞–Ω–Ω—ã—Ö | –°–∫–æ–ª—å–∫–æ –º–æ–∂–Ω–æ –∑–∞—Ä–∞–±–∞—Ç—ã–≤–∞—Ç—å –Ω–∞ –ø–∞—Ä—Å–∏–Ω–≥–µ | –ö—Ç–æ –∏ –∑–∞—á–µ–º –∑–∞–Ω–∏–º–∞–µ—Ç—Å—è –ø–∞—Ä—Å–∏–Ω–≥–æ–º,PythonToday,176348,3575,95
"–ê—Å–∏–Ω—Ö—Ä–æ–Ω–Ω—ã–π –ø–∞—Ä—Å–∏–Ω–≥ –Ω–∞ Python | –£—Å–∫–æ—Ä—è–µ–º –∫–æ–¥ –≤ 10 —Ä–∞–∑ | requests, asyncio, aiohttp",PythonToday,78955,2832,256
–ü–∞—Ä—Å–∏–Ω–≥ —Å–∞–π—Ç–∞ –Ω–∞ Python. –ë–∏–±–ª–∏–æ—Ç–µ–∫–∞ Selenium,ITMouse: –º–µ–∂–¥—É–Ω–∞—Ä–æ–¥–Ω–∞—è —à–∫–æ–ª–∞ –ø—Ä–æ–≥—Ä–∞–º–º–∏—Ä–æ–≤–∞–Ω–∏—è,514,7,0
"#1 –ü–∞—Ä—Å–∏–Ω–≥ —Å–∞–π—Ç–∞ + Telegram –±–æ—Ç –Ω–∞ aiogram | Requests, beautifulsoup, aiogram",PythonToday,71059,2682,205
Python –ø–∞—Ä—Å–∏–Ω–≥ –¥–∏–Ω–∞–º–∏—á–µ—Å–∫–∏—Ö —Å—Ç—Ä–∞–Ω–∏—Ü —Å–∞–π—Ç–æ–≤ —Å JavaScript Ajax,Python Hub Studio,49406,1867,78
–ü–∞—Ä—Å–∏–Ω–≥ —Å–∞–π—Ç–æ–≤ –Ω–∞ Python: –∫–∞–∫ –∏—Å–ø–æ–ª—å–∑–æ–≤–∞—Ç—å –ø—Ä–æ–∫—Å–∏ –∏ –º–µ–Ω—è—Ç—å User-Agent,Oleg Molchanov,47609,1478,119
–ü–∞—Ä—Å–∏–º —Ä–µ—Ü–µ–ø—Ç—ã —Å —Å–∞–π—Ç–∞ calorizator.ru –Ω–∞ Python. –ò—Å—Ö–æ–¥–Ω—ã–π –∫–æ–¥ –≤ –∑–∞–∫—Ä–µ–ø–µ. #shorts #Shorts,Python Proga,347,0,3
"–ü–∞—Ä—Å–∏–Ω–≥ —Å–∞–π—Ç–æ–≤ PYTHON - #3 –ê–í–¢–û–†–ò–ó–ê–¶–ò–Ø –ù–ê –°–ê–ô–¢–ï, –†–ê–ë–û–¢–ê –° –ö–£–ö–ò –ò –°–ï–°–°–ò–ï–ô",ZProger [ IT ],90979,2050,190
–ö–∞–∫ –ü–ê–†–°–ò–¢–¨ —Å–∞–π—Ç—ã –Ω–∞ PYTHON?,–§—Å–æ–∫–∏,21282,859,106
